{
  "project_info": {
    "project_number": "814113044603",
    "firebase_url": "https://androidapp-7f06b.firebaseio.com",
    "project_id": "androidapp-7f06b",
    "storage_bucket": "androidapp-7f06b.appspot.com"
  },
  "client": [
    {
      "client_info": {
        "mobilesdk_app_id": "1:814113044603:android:06dcc22e432b3328",
        "android_client_info": {
          "package_name": "space.majid.testing.app_tp_5"
        }
      },
      "oauth_client": [
        {
          "client_id": "814113044603-rkgsgccj8gthfg1ms8q9v0r1g93f9hpk.apps.googleusercontent.com",
          "client_type": 1,
          "android_info": {
            "package_name": "space.majid.testing.app_tp_5",
            "certificate_hash": "f38e147dfd274e5fac217d0a7495b79e6b3cb00c"
          }
        },
        {
          "client_id": "814113044603-2afap67vle2t5ara9db7ba26m5m1h1fa.apps.googleusercontent.com",
          "client_type": 3
        }
      ],
      "api_key": [
        {
          "current_key": "AIzaSyCfY9PllZLxqyrgePi3z-8KUuqAG5AvNJ4"
        }
      ],
      "services": {
        "analytics_service": {
          "status": 1
        },
        "appinvite_service": {
          "status": 2,
          "other_platform_oauth_client": [
            {
              "client_id": "814113044603-2afap67vle2t5ara9db7ba26m5m1h1fa.apps.googleusercontent.com",
              "client_type": 3
            }
          ]
        },
        "ads_service": {
          "status": 2
        }
      }
    },
    {
      "client_info": {
        "mobilesdk_app_id": "1:814113044603:android:92360b25a56dffa5",
        "android_client_info": {
          "package_name": "space.majid.testing.materieldestesting"
        }
      },
      "oauth_client": [
        {
          "client_id": "814113044603-vj6vecfn4hs3qa44nei1gmp4rktfea76.apps.googleusercontent.com",
          "client_type": 1,
          "android_info": {
            "package_name": "space.majid.testing.materieldestesting",
            "certificate_hash": "f38e147dfd274e5fac217d0a7495b79e6b3cb00c"
          }
        },
        {
          "client_id": "814113044603-2afap67vle2t5ara9db7ba26m5m1h1fa.apps.googleusercontent.com",
          "client_type": 3
        }
      ],
      "api_key": [
        {
          "current_key": "AIzaSyCfY9PllZLxqyrgePi3z-8KUuqAG5AvNJ4"
        }
      ],
      "services": {
        "analytics_service": {
          "status": 1
        },
        "appinvite_service": {
          "status": 2,
          "other_platform_oauth_client": [
            {
              "client_id": "814113044603-2afap67vle2t5ara9db7ba26m5m1h1fa.apps.googleusercontent.com",
              "client_type": 3
            }
          ]
        },
        "ads_service": {
          "status": 2
        }
      }
    },
    {
      "client_info": {
        "mobilesdk_app_id": "1:814113044603:android:7376afa44e7762dd",
        "android_client_info": {
          "package_name": "space.majid.testing.mycoolapp"
        }
      },
      "oauth_client": [
        {
          "client_id": "814113044603-9b3j7dosf7cntcltstk1rvciild7n1r8.apps.googleusercontent.com",
          "client_type": 1,
          "android_info": {
            "package_name": "space.majid.testing.mycoolapp",
            "certificate_hash": "f38e147dfd274e5fac217d0a7495b79e6b3cb00c"
          }
        },
        {
          "client_id": "814113044603-2afap67vle2t5ara9db7ba26m5m1h1fa.apps.googleusercontent.com",
          "client_type": 3
        }
      ],
      "api_key": [
        {
          "current_key": "AIzaSyCfY9PllZLxqyrgePi3z-8KUuqAG5AvNJ4"
        }
      ],
      "services": {
        "analytics_service": {
          "status": 1
        },
        "appinvite_service": {
          "status": 2,
          "other_platform_oauth_client": [
            {
              "client_id": "814113044603-2afap67vle2t5ara9db7ba26m5m1h1fa.apps.googleusercontent.com",
              "client_type": 3
            }
          ]
        },
        "ads_service": {
          "status": 2
        }
      }
    }
  ],
  "configuration_version": "1"
}